{
    "model": "RandomForestRegressor",
    "baseline_wape": 0.23459283708557072,
    "ml_wape": 0.09861590882966322,
    "mae": 1.6681702777777778,
    "rmse": 2.537447337621749,
    "bias": 0.0033446146772419007,
    "improvement": 0.13597692825590751,
    "training_date": "2026-06-28"
}