{
    "model": "RandomForestRegressor",
    "baseline_wape": 0.23459283708557072,
    "ml_wape": 0.09905327027603987,
    "mae": 1.6755686111111112,
    "rmse": 2.532177538444669,
    "bias": 0.0033915135392548084,
    "improvement": 0.13553956680953083,
    "training_date": "2026-07-18"
}